,branching_frequency,curvature_gamma_a,curvature_gamma_scale,angle_beta_a,angle_beta_b
1,0.0254963092040027,1.5975317908874564,1.0911195683093293e-05,4.501193832755367,1.074704886226122
