,branching_frequency,curvature_gamma_a,curvature_gamma_scale,angle_beta_a,angle_beta_b
1,0.016925731922538392,1.6114205398590198,9.641340664525714e-06,4.28868341157166,0.9839464337063648
